Geography,Category,Unit per million,year,per million
Asia Pacific,Consumer Expenditure on Hospital Services,USD,2016,266891.2
Azerbaijan,Consumer Expenditure on Hospital Services,AZN,2016,384.2
Bangladesh,Consumer Expenditure on Hospital Services,BDT,2016,28675.1
Cambodia,Consumer Expenditure on Hospital Services,KHR,2016,642417.4
China,Consumer Expenditure on Hospital Services,CNY,2016,1438489.5
"Hong Kong, China",Consumer Expenditure on Hospital Services,HKD,2016,21489.4
India,Consumer Expenditure on Hospital Services,INR,2016,725340.6
Indonesia,Consumer Expenditure on Hospital Services,IDR,2016,42131272.7
Japan,Consumer Expenditure on Hospital Services,JPY,2016,991213.6
Kazakhstan,Consumer Expenditure on Hospital Services,KZT,2016,220211.4
Laos,Consumer Expenditure on Hospital Services,LAK,2016,463304.8
Malaysia,Consumer Expenditure on Hospital Services,MYR,2016,1710.0
Myanmar,Consumer Expenditure on Hospital Services,MMK,2016,256974.9
Pakistan,Consumer Expenditure on Hospital Services,PKR,2016,250010.8
Philippines,Consumer Expenditure on Hospital Services,PHP,2016,113380.5
Singapore,Consumer Expenditure on Hospital Services,SGD,2016,2876.0
South Korea,Consumer Expenditure on Hospital Services,KRW,2016,7447952.3
Sri Lanka,Consumer Expenditure on Hospital Services,LKR,2016,38505.4
Taiwan,Consumer Expenditure on Hospital Services,TWD,2016,58335.5
Thailand,Consumer Expenditure on Hospital Services,THB,2016,75290.4
Turkmenistan,Consumer Expenditure on Hospital Services,TMT,2016,63.1
Uzbekistan,Consumer Expenditure on Hospital Services,UZS,2016,1787466.8
Vietnam,Consumer Expenditure on Hospital Services,VND,2016,34842940.7
Australasia,Consumer Expenditure on Hospital Services,USD,2016,2238.9
Australia,Consumer Expenditure on Hospital Services,AUD,2016,2978.7
New Zealand,Consumer Expenditure on Hospital Services,NZD,2016,54.2
Eastern Europe,Consumer Expenditure on Hospital Services,USD,2016,4602.2
Belarus,Consumer Expenditure on Hospital Services,BYN,2016,419.6
Bosnia and Herzegovina,Consumer Expenditure on Hospital Services,BAM,2016,229.8
Bulgaria,Consumer Expenditure on Hospital Services,BGN,2016,626.3
Croatia,Consumer Expenditure on Hospital Services,HRK,2016,785.9
Czech Republic,Consumer Expenditure on Hospital Services,CZK,2016,5261.0
Estonia,Consumer Expenditure on Hospital Services,EUR,2016,56.5
Georgia,Consumer Expenditure on Hospital Services,GEL,2016,960.8
Hungary,Consumer Expenditure on Hospital Services,HuF,2016,67645.5
Latvia,Consumer Expenditure on Hospital Services,EUR,2016,95.2
Lithuania,Consumer Expenditure on Hospital Services,EUR,2016,52.7
Montenegro,Consumer Expenditure on Hospital Services,EUR,2016,2.9
North Macedonia,Consumer Expenditure on Hospital Services,MKD,2016,346.1
Poland,Consumer Expenditure on Hospital Services,PLN,2016,1577.2
Romania,Consumer Expenditure on Hospital Services,RON,2016,325.4
Russia,Consumer Expenditure on Hospital Services,RUB,2016,90186.2
Serbia,Consumer Expenditure on Hospital Services,RSD,2016,13736.5
Slovakia,Consumer Expenditure on Hospital Services,EUR,2016,145.8
Slovenia,Consumer Expenditure on Hospital Services,EUR,2016,119.7
Ukraine,Consumer Expenditure on Hospital Services,UAH,2016,9813.2
Latin America,Consumer Expenditure on Hospital Services,USD,2016,66472.9
Argentina,Consumer Expenditure on Hospital Services,ARS,2016,94896.0
Bolivia,Consumer Expenditure on Hospital Services,BOB,2016,2659.6
Brazil,Consumer Expenditure on Hospital Services,BRL,2016,146221.3
Chile,Consumer Expenditure on Hospital Services,CLP,2016,934844.0
Colombia,Consumer Expenditure on Hospital Services,COP,2016,4545823.5
Costa Rica,Consumer Expenditure on Hospital Services,CRC,2016,328175.6
Dominican Republic,Consumer Expenditure on Hospital Services,DOP,2016,23818.6
Ecuador,Consumer Expenditure on Hospital Services,USD,2016,1228.8
El Salvador,Consumer Expenditure on Hospital Services,USD,2016,158.1
Guatemala,Consumer Expenditure on Hospital Services,GTQ,2016,2149.7
Honduras,Consumer Expenditure on Hospital Services,HNL,2016,1701.3
Mexico,Consumer Expenditure on Hospital Services,MXN,2016,89471.4
Panama,Consumer Expenditure on Hospital Services,PAB,2016,1177.9
Paraguay,Consumer Expenditure on Hospital Services,PYG,2016,1174158.1
Peru,Consumer Expenditure on Hospital Services,PEN,2016,2913.7
Uruguay,Consumer Expenditure on Hospital Services,UYU,2016,11206.9
Venezuela,Consumer Expenditure on Hospital Services,VES,2016,0.9
Middle East and Africa,Consumer Expenditure on Hospital Services,USD,2016,28898.6
Algeria,Consumer Expenditure on Hospital Services,DZD,2016,19107.0
Angola,Consumer Expenditure on Hospital Services,AOA,2016,89304.7
Bahrain,Consumer Expenditure on Hospital Services,BHD,2016,26.2
Cameroon,Consumer Expenditure on Hospital Services,XAF,2016,37140.4
Côte d'Ivoire,Consumer Expenditure on Hospital Services,XOF,2016,171925.3
Egypt,Consumer Expenditure on Hospital Services,EGP,2016,40114.1
Ethiopia,Consumer Expenditure on Hospital Services,ETB,2016,3098.2
Ghana,Consumer Expenditure on Hospital Services,GHS,2016,604.7
Iran,Consumer Expenditure on Hospital Services,IRR,2016,26294710.5
Iraq,Consumer Expenditure on Hospital Services,IQD,2016,1208569.4
Israel,Consumer Expenditure on Hospital Services,ILS,2016,2461.1
Jordan,Consumer Expenditure on Hospital Services,JOD,2016,137.3
Kenya,Consumer Expenditure on Hospital Services,KES,2016,22974.1
Kuwait,Consumer Expenditure on Hospital Services,KWD,2016,24.2
Lebanon,Consumer Expenditure on Hospital Services,LBP,2016,1374318.8
Morocco,Consumer Expenditure on Hospital Services,MAD,2016,1848.6
Nigeria,Consumer Expenditure on Hospital Services,NGN,2016,376799.5
Oman,Consumer Expenditure on Hospital Services,OMR,2016,3.9
Qatar,Consumer Expenditure on Hospital Services,QAR,2016,1068.9
Saudi Arabia,Consumer Expenditure on Hospital Services,SAR,2016,3721.7
South Africa,Consumer Expenditure on Hospital Services,ZAR,2016,165866.0
Tanzania,Consumer Expenditure on Hospital Services,TZS,2016,692274.2
Tunisia,Consumer Expenditure on Hospital Services,TND,2016,708.5
Uganda,Consumer Expenditure on Hospital Services,UGX,2016,943563.9
United Arab Emirates,Consumer Expenditure on Hospital Services,AED,2016,1138.3
North America,Consumer Expenditure on Hospital Services,USD,2016,1180239.6
Canada,Consumer Expenditure on Hospital Services,CAD,2016,3211.0
USA,Consumer Expenditure on Hospital Services,USD,2016,1177817.0
Western Europe,Consumer Expenditure on Hospital Services,USD,2016,65097.5
Austria,Consumer Expenditure on Hospital Services,EUR,2016,1504.0
Belgium,Consumer Expenditure on Hospital Services,EUR,2016,6748.6
Denmark,Consumer Expenditure on Hospital Services,DKK,2016,4107.4
Finland,Consumer Expenditure on Hospital Services,EUR,2016,956.0
France,Consumer Expenditure on Hospital Services,EUR,2016,7124.0
Germany,Consumer Expenditure on Hospital Services,EUR,2016,16747.0
Greece,Consumer Expenditure on Hospital Services,EUR,2016,1629.9
Ireland,Consumer Expenditure on Hospital Services,EUR,2016,2258.0
Italy,Consumer Expenditure on Hospital Services,EUR,2016,5420.4
Netherlands,Consumer Expenditure on Hospital Services,EUR,2016,2522.0
Norway,Consumer Expenditure on Hospital Services,NOK,2016,938.0
Portugal,Consumer Expenditure on Hospital Services,EUR,2016,328.8
Spain,Consumer Expenditure on Hospital Services,EUR,2016,2838.0
Sweden,Consumer Expenditure on Hospital Services,SEK,2016,1740.0
Switzerland,Consumer Expenditure on Hospital Services,CHF,2016,2852.5
Turkey,Consumer Expenditure on Hospital Services,TRY,2016,5501.2
United Kingdom,Consumer Expenditure on Hospital Services,GBP,2016,4320.2
Asia Pacific,Consumer Expenditure on Hospital Services,USD,2017,301546.3
Azerbaijan,Consumer Expenditure on Hospital Services,AZN,2017,429.1
Bangladesh,Consumer Expenditure on Hospital Services,BDT,2017,32082.8
Cambodia,Consumer Expenditure on Hospital Services,KHR,2017,844005.6
China,Consumer Expenditure on Hospital Services,CNY,2017,1671921.3
"Hong Kong, China",Consumer Expenditure on Hospital Services,HKD,2017,23029.2
India,Consumer Expenditure on Hospital Services,INR,2017,807388.0
Indonesia,Consumer Expenditure on Hospital Services,IDR,2017,48184839.3
Japan,Consumer Expenditure on Hospital Services,JPY,2017,988558.2
Kazakhstan,Consumer Expenditure on Hospital Services,KZT,2017,250513.0
Laos,Consumer Expenditure on Hospital Services,LAK,2017,506386.5
Malaysia,Consumer Expenditure on Hospital Services,MYR,2017,1854.1
Myanmar,Consumer Expenditure on Hospital Services,MMK,2017,300694.2
Pakistan,Consumer Expenditure on Hospital Services,PKR,2017,262390.2
Philippines,Consumer Expenditure on Hospital Services,PHP,2017,128296.6
Singapore,Consumer Expenditure on Hospital Services,SGD,2017,3042.0
South Korea,Consumer Expenditure on Hospital Services,KRW,2017,7619490.5
Sri Lanka,Consumer Expenditure on Hospital Services,LKR,2017,37752.1
Taiwan,Consumer Expenditure on Hospital Services,TWD,2017,59449.1
Thailand,Consumer Expenditure on Hospital Services,THB,2017,86395.8
Turkmenistan,Consumer Expenditure on Hospital Services,TMT,2017,69.7
Uzbekistan,Consumer Expenditure on Hospital Services,UZS,2017,2070793.0
Vietnam,Consumer Expenditure on Hospital Services,VND,2017,39851013.6
Australasia,Consumer Expenditure on Hospital Services,USD,2017,2447.2
Australia,Consumer Expenditure on Hospital Services,AUD,2017,3128.3
New Zealand,Consumer Expenditure on Hospital Services,NZD,2017,70.4
Eastern Europe,Consumer Expenditure on Hospital Services,USD,2017,5648.7
Belarus,Consumer Expenditure on Hospital Services,BYN,2017,474.6
Bosnia and Herzegovina,Consumer Expenditure on Hospital Services,BAM,2017,234.3
Bulgaria,Consumer Expenditure on Hospital Services,BGN,2017,663.7
Croatia,Consumer Expenditure on Hospital Services,HRK,2017,786.0
Czech Republic,Consumer Expenditure on Hospital Services,CZK,2017,6246.0
Estonia,Consumer Expenditure on Hospital Services,EUR,2017,57.3
Georgia,Consumer Expenditure on Hospital Services,GEL,2017,1081.1
Hungary,Consumer Expenditure on Hospital Services,HuF,2017,77144.9
Latvia,Consumer Expenditure on Hospital Services,EUR,2017,107.0
Lithuania,Consumer Expenditure on Hospital Services,EUR,2017,51.7
Montenegro,Consumer Expenditure on Hospital Services,EUR,2017,3.6
North Macedonia,Consumer Expenditure on Hospital Services,MKD,2017,345.3
Poland,Consumer Expenditure on Hospital Services,PLN,2017,1884.6
Romania,Consumer Expenditure on Hospital Services,RON,2017,391.0
Russia,Consumer Expenditure on Hospital Services,RUB,2017,113261.0
Serbia,Consumer Expenditure on Hospital Services,RSD,2017,14450.8
Slovakia,Consumer Expenditure on Hospital Services,EUR,2017,151.9
Slovenia,Consumer Expenditure on Hospital Services,EUR,2017,127.3
Ukraine,Consumer Expenditure on Hospital Services,UAH,2017,12370.9
Latin America,Consumer Expenditure on Hospital Services,USD,2017,80893.7
Argentina,Consumer Expenditure on Hospital Services,ARS,2017,142172.2
Bolivia,Consumer Expenditure on Hospital Services,BOB,2017,2890.2
Brazil,Consumer Expenditure on Hospital Services,BRL,2017,167032.9
Chile,Consumer Expenditure on Hospital Services,CLP,2017,1047709.8
Colombia,Consumer Expenditure on Hospital Services,COP,2017,5145811.4
Costa Rica,Consumer Expenditure on Hospital Services,CRC,2017,363890.6
Dominican Republic,Consumer Expenditure on Hospital Services,DOP,2017,25427.2
Ecuador,Consumer Expenditure on Hospital Services,USD,2017,1278.2
El Salvador,Consumer Expenditure on Hospital Services,USD,2017,163.4
Guatemala,Consumer Expenditure on Hospital Services,GTQ,2017,2261.6
Honduras,Consumer Expenditure on Hospital Services,HNL,2017,1743.6
Mexico,Consumer Expenditure on Hospital Services,MXN,2017,96395.2
Panama,Consumer Expenditure on Hospital Services,PAB,2017,1239.8
Paraguay,Consumer Expenditure on Hospital Services,PYG,2017,1275413.8
Peru,Consumer Expenditure on Hospital Services,PEN,2017,3055.3
Uruguay,Consumer Expenditure on Hospital Services,UYU,2017,12095.5
Venezuela,Consumer Expenditure on Hospital Services,VES,2017,3.8
Middle East and Africa,Consumer Expenditure on Hospital Services,USD,2017,30798.2
Algeria,Consumer Expenditure on Hospital Services,DZD,2017,19983.0
Angola,Consumer Expenditure on Hospital Services,AOA,2017,110798.1
Bahrain,Consumer Expenditure on Hospital Services,BHD,2017,25.8
Cameroon,Consumer Expenditure on Hospital Services,XAF,2017,38792.2
Côte d'Ivoire,Consumer Expenditure on Hospital Services,XOF,2017,186972.5
Egypt,Consumer Expenditure on Hospital Services,EGP,2017,54644.6
Ethiopia,Consumer Expenditure on Hospital Services,ETB,2017,3668.6
Ghana,Consumer Expenditure on Hospital Services,GHS,2017,735.2
Iran,Consumer Expenditure on Hospital Services,IRR,2017,29878475.2
Iraq,Consumer Expenditure on Hospital Services,IQD,2017,1258587.5
Israel,Consumer Expenditure on Hospital Services,ILS,2017,2709.3
Jordan,Consumer Expenditure on Hospital Services,JOD,2017,171.3
Kenya,Consumer Expenditure on Hospital Services,KES,2017,23112.3
Kuwait,Consumer Expenditure on Hospital Services,KWD,2017,25.1
Lebanon,Consumer Expenditure on Hospital Services,LBP,2017,1477967.0
Morocco,Consumer Expenditure on Hospital Services,MAD,2017,1910.0
Nigeria,Consumer Expenditure on Hospital Services,NGN,2017,415400.5
Oman,Consumer Expenditure on Hospital Services,OMR,2017,4.1
Qatar,Consumer Expenditure on Hospital Services,QAR,2017,1144.3
Saudi Arabia,Consumer Expenditure on Hospital Services,SAR,2017,3731.4
South Africa,Consumer Expenditure on Hospital Services,ZAR,2017,180079.1
Tanzania,Consumer Expenditure on Hospital Services,TZS,2017,774967.9
Tunisia,Consumer Expenditure on Hospital Services,TND,2017,770.6
Uganda,Consumer Expenditure on Hospital Services,UGX,2017,1037232.2
United Arab Emirates,Consumer Expenditure on Hospital Services,AED,2017,1235.2
North America,Consumer Expenditure on Hospital Services,USD,2017,1211222.4
Canada,Consumer Expenditure on Hospital Services,CAD,2017,3334.9
USA,Consumer Expenditure on Hospital Services,USD,2017,1208652.6
Western Europe,Consumer Expenditure on Hospital Services,USD,2017,68446.9
Austria,Consumer Expenditure on Hospital Services,EUR,2017,1513.3
Belgium,Consumer Expenditure on Hospital Services,EUR,2017,6978.7
Denmark,Consumer Expenditure on Hospital Services,DKK,2017,4115.1
Finland,Consumer Expenditure on Hospital Services,EUR,2017,998.0
France,Consumer Expenditure on Hospital Services,EUR,2017,7040.9
Germany,Consumer Expenditure on Hospital Services,EUR,2017,17148.0
Greece,Consumer Expenditure on Hospital Services,EUR,2017,1654.6
Ireland,Consumer Expenditure on Hospital Services,EUR,2017,2226.8
Italy,Consumer Expenditure on Hospital Services,EUR,2017,5577.2
Netherlands,Consumer Expenditure on Hospital Services,EUR,2017,2560.0
Norway,Consumer Expenditure on Hospital Services,NOK,2017,983.0
Portugal,Consumer Expenditure on Hospital Services,EUR,2017,343.3
Spain,Consumer Expenditure on Hospital Services,EUR,2017,3555.0
Sweden,Consumer Expenditure on Hospital Services,SEK,2017,1836.0
Switzerland,Consumer Expenditure on Hospital Services,CHF,2017,3297.4
Turkey,Consumer Expenditure on Hospital Services,TRY,2017,7768.1
United Kingdom,Consumer Expenditure on Hospital Services,GBP,2017,4364.4
Asia Pacific,Consumer Expenditure on Hospital Services,USD,2018,369492.3
Azerbaijan,Consumer Expenditure on Hospital Services,AZN,2018,466.9
Bangladesh,Consumer Expenditure on Hospital Services,BDT,2018,39563.6
Cambodia,Consumer Expenditure on Hospital Services,KHR,2018,964248.8
China,Consumer Expenditure on Hospital Services,CNY,2018,2054441.0
"Hong Kong, China",Consumer Expenditure on Hospital Services,HKD,2018,24806.4
India,Consumer Expenditure on Hospital Services,INR,2018,946903.7
Indonesia,Consumer Expenditure on Hospital Services,IDR,2018,55475541.3
Japan,Consumer Expenditure on Hospital Services,JPY,2018,994257.9
Kazakhstan,Consumer Expenditure on Hospital Services,KZT,2018,265332.5
Laos,Consumer Expenditure on Hospital Services,LAK,2018,572300.6
Malaysia,Consumer Expenditure on Hospital Services,MYR,2018,2049.1
Myanmar,Consumer Expenditure on Hospital Services,MMK,2018,344499.4
Pakistan,Consumer Expenditure on Hospital Services,PKR,2018,303295.2
Philippines,Consumer Expenditure on Hospital Services,PHP,2018,138055.1
Singapore,Consumer Expenditure on Hospital Services,SGD,2018,3114.5
South Korea,Consumer Expenditure on Hospital Services,KRW,2018,8205559.2
Sri Lanka,Consumer Expenditure on Hospital Services,LKR,2018,40128.6
Taiwan,Consumer Expenditure on Hospital Services,TWD,2018,62324.7
Thailand,Consumer Expenditure on Hospital Services,THB,2018,97248.9
Turkmenistan,Consumer Expenditure on Hospital Services,TMT,2018,68.5
Uzbekistan,Consumer Expenditure on Hospital Services,UZS,2018,2162131.2
Vietnam,Consumer Expenditure on Hospital Services,VND,2018,47756760.9
Australasia,Consumer Expenditure on Hospital Services,USD,2018,2491.8
Australia,Consumer Expenditure on Hospital Services,AUD,2018,3248.7
New Zealand,Consumer Expenditure on Hospital Services,NZD,2018,92.5
Eastern Europe,Consumer Expenditure on Hospital Services,USD,2018,7231.4
Belarus,Consumer Expenditure on Hospital Services,BYN,2018,569.5
Bosnia and Herzegovina,Consumer Expenditure on Hospital Services,BAM,2018,234.0
Bulgaria,Consumer Expenditure on Hospital Services,BGN,2018,705.9
Croatia,Consumer Expenditure on Hospital Services,HRK,2018,815.1
Czech Republic,Consumer Expenditure on Hospital Services,CZK,2018,7005.9
Estonia,Consumer Expenditure on Hospital Services,EUR,2018,59.8
Georgia,Consumer Expenditure on Hospital Services,GEL,2018,1166.2
Hungary,Consumer Expenditure on Hospital Services,HuF,2018,79069.6
Latvia,Consumer Expenditure on Hospital Services,EUR,2018,113.6
Lithuania,Consumer Expenditure on Hospital Services,EUR,2018,52.8
Montenegro,Consumer Expenditure on Hospital Services,EUR,2018,4.2
North Macedonia,Consumer Expenditure on Hospital Services,MKD,2018,357.3
Poland,Consumer Expenditure on Hospital Services,PLN,2018,1978.8
Romania,Consumer Expenditure on Hospital Services,RON,2018,435.6
Russia,Consumer Expenditure on Hospital Services,RUB,2018,190373.2
Serbia,Consumer Expenditure on Hospital Services,RSD,2018,16882.1
Slovakia,Consumer Expenditure on Hospital Services,EUR,2018,160.4
Slovenia,Consumer Expenditure on Hospital Services,EUR,2018,138.9
Ukraine,Consumer Expenditure on Hospital Services,UAH,2018,15543.0
Latin America,Consumer Expenditure on Hospital Services,USD,2018,82211.9
Argentina,Consumer Expenditure on Hospital Services,ARS,2018,237678.8
Bolivia,Consumer Expenditure on Hospital Services,BOB,2018,3078.9
Brazil,Consumer Expenditure on Hospital Services,BRL,2018,191913.6
Chile,Consumer Expenditure on Hospital Services,CLP,2018,1138096.1
Colombia,Consumer Expenditure on Hospital Services,COP,2018,5848191.0
Costa Rica,Consumer Expenditure on Hospital Services,CRC,2018,387592.7
Dominican Republic,Consumer Expenditure on Hospital Services,DOP,2018,27788.5
Ecuador,Consumer Expenditure on Hospital Services,USD,2018,1311.7
El Salvador,Consumer Expenditure on Hospital Services,USD,2018,170.5
Guatemala,Consumer Expenditure on Hospital Services,GTQ,2018,2444.0
Honduras,Consumer Expenditure on Hospital Services,HNL,2018,1937.4
Mexico,Consumer Expenditure on Hospital Services,MXN,2018,103820.8
Panama,Consumer Expenditure on Hospital Services,PAB,2018,1315.7
Paraguay,Consumer Expenditure on Hospital Services,PYG,2018,1382081.6
Peru,Consumer Expenditure on Hospital Services,PEN,2018,3196.4
Uruguay,Consumer Expenditure on Hospital Services,UYU,2018,13110.0
Venezuela,Consumer Expenditure on Hospital Services,VES,2018,2016.1
Middle East and Africa,Consumer Expenditure on Hospital Services,USD,2018,33119.9
Algeria,Consumer Expenditure on Hospital Services,DZD,2018,20782.0
Angola,Consumer Expenditure on Hospital Services,AOA,2018,136841.0
Bahrain,Consumer Expenditure on Hospital Services,BHD,2018,26.0
Cameroon,Consumer Expenditure on Hospital Services,XAF,2018,40925.2
Côte d'Ivoire,Consumer Expenditure on Hospital Services,XOF,2018,207620.8
Egypt,Consumer Expenditure on Hospital Services,EGP,2018,65231.8
Ethiopia,Consumer Expenditure on Hospital Services,ETB,2018,4608.7
Ghana,Consumer Expenditure on Hospital Services,GHS,2018,838.7
Iran,Consumer Expenditure on Hospital Services,IRR,2018,38308704.6
Iraq,Consumer Expenditure on Hospital Services,IQD,2018,1305948.1
Israel,Consumer Expenditure on Hospital Services,ILS,2018,2745.9
Jordan,Consumer Expenditure on Hospital Services,JOD,2018,178.5
Kenya,Consumer Expenditure on Hospital Services,KES,2018,24365.2
Kuwait,Consumer Expenditure on Hospital Services,KWD,2018,25.7
Lebanon,Consumer Expenditure on Hospital Services,LBP,2018,1564915.5
Morocco,Consumer Expenditure on Hospital Services,MAD,2018,1986.1
Nigeria,Consumer Expenditure on Hospital Services,NGN,2018,446559.2
Oman,Consumer Expenditure on Hospital Services,OMR,2018,4.0
Qatar,Consumer Expenditure on Hospital Services,QAR,2018,1197.0
Saudi Arabia,Consumer Expenditure on Hospital Services,SAR,2018,3826.9
South Africa,Consumer Expenditure on Hospital Services,ZAR,2018,196026.9
Tanzania,Consumer Expenditure on Hospital Services,TZS,2018,842809.4
Tunisia,Consumer Expenditure on Hospital Services,TND,2018,866.4
Uganda,Consumer Expenditure on Hospital Services,UGX,2018,1152791.7
United Arab Emirates,Consumer Expenditure on Hospital Services,AED,2018,1374.3
North America,Consumer Expenditure on Hospital Services,USD,2018,1265499.2
Canada,Consumer Expenditure on Hospital Services,CAD,2018,3483.8
USA,Consumer Expenditure on Hospital Services,USD,2018,1262810.5
Western Europe,Consumer Expenditure on Hospital Services,USD,2018,73655.6
Austria,Consumer Expenditure on Hospital Services,EUR,2018,1546.1
Belgium,Consumer Expenditure on Hospital Services,EUR,2018,7483.2
Denmark,Consumer Expenditure on Hospital Services,DKK,2018,4175.8
Finland,Consumer Expenditure on Hospital Services,EUR,2018,1066.5
France,Consumer Expenditure on Hospital Services,EUR,2018,7181.1
Germany,Consumer Expenditure on Hospital Services,EUR,2018,17914.0
Greece,Consumer Expenditure on Hospital Services,EUR,2018,1883.0
Ireland,Consumer Expenditure on Hospital Services,EUR,2018,2310.6
Italy,Consumer Expenditure on Hospital Services,EUR,2018,5612.3
Netherlands,Consumer Expenditure on Hospital Services,EUR,2018,2607.0
Norway,Consumer Expenditure on Hospital Services,NOK,2018,1093.4
Portugal,Consumer Expenditure on Hospital Services,EUR,2018,361.6
Spain,Consumer Expenditure on Hospital Services,EUR,2018,3840.4
Sweden,Consumer Expenditure on Hospital Services,SEK,2018,1841.0
Switzerland,Consumer Expenditure on Hospital Services,CHF,2018,3317.8
Turkey,Consumer Expenditure on Hospital Services,TRY,2018,9556.6
United Kingdom,Consumer Expenditure on Hospital Services,GBP,2018,4177.2
Asia Pacific,Consumer Expenditure on Hospital Services,USD,2019,401024.2
Azerbaijan,Consumer Expenditure on Hospital Services,AZN,2019,499.2
Bangladesh,Consumer Expenditure on Hospital Services,BDT,2019,43637.1
Cambodia,Consumer Expenditure on Hospital Services,KHR,2019,923772.0
China,Consumer Expenditure on Hospital Services,CNY,2019,2336385.4
"Hong Kong, China",Consumer Expenditure on Hospital Services,HKD,2019,24835.4
India,Consumer Expenditure on Hospital Services,INR,2019,1061394.4
Indonesia,Consumer Expenditure on Hospital Services,IDR,2019,61320346.9
Japan,Consumer Expenditure on Hospital Services,JPY,2019,1012011.9
Kazakhstan,Consumer Expenditure on Hospital Services,KZT,2019,302655.4
Laos,Consumer Expenditure on Hospital Services,LAK,2019,601923.7
Malaysia,Consumer Expenditure on Hospital Services,MYR,2019,2279.8
Myanmar,Consumer Expenditure on Hospital Services,MMK,2019,371274.5
Pakistan,Consumer Expenditure on Hospital Services,PKR,2019,377680.9
Philippines,Consumer Expenditure on Hospital Services,PHP,2019,150863.1
Singapore,Consumer Expenditure on Hospital Services,SGD,2019,3320.8
South Korea,Consumer Expenditure on Hospital Services,KRW,2019,9055620.0
Sri Lanka,Consumer Expenditure on Hospital Services,LKR,2019,43358.7
Taiwan,Consumer Expenditure on Hospital Services,TWD,2019,64988.8
Thailand,Consumer Expenditure on Hospital Services,THB,2019,103456.5
Turkmenistan,Consumer Expenditure on Hospital Services,TMT,2019,75.5
Uzbekistan,Consumer Expenditure on Hospital Services,UZS,2019,2594376.5
Vietnam,Consumer Expenditure on Hospital Services,VND,2019,54683579.1
Australasia,Consumer Expenditure on Hospital Services,USD,2019,2549.2
Australia,Consumer Expenditure on Hospital Services,AUD,2019,3559.0
New Zealand,Consumer Expenditure on Hospital Services,NZD,2019,115.2
Eastern Europe,Consumer Expenditure on Hospital Services,USD,2019,7553.7
Belarus,Consumer Expenditure on Hospital Services,BYN,2019,640.6
Bosnia and Herzegovina,Consumer Expenditure on Hospital Services,BAM,2019,250.6
Bulgaria,Consumer Expenditure on Hospital Services,BGN,2019,765.1
Croatia,Consumer Expenditure on Hospital Services,HRK,2019,849.2
Czech Republic,Consumer Expenditure on Hospital Services,CZK,2019,7055.1
Estonia,Consumer Expenditure on Hospital Services,EUR,2019,60.3
Georgia,Consumer Expenditure on Hospital Services,GEL,2019,1306.5
Hungary,Consumer Expenditure on Hospital Services,HuF,2019,83504.3
Latvia,Consumer Expenditure on Hospital Services,EUR,2019,123.1
Lithuania,Consumer Expenditure on Hospital Services,EUR,2019,67.8
Montenegro,Consumer Expenditure on Hospital Services,EUR,2019,4.0
North Macedonia,Consumer Expenditure on Hospital Services,MKD,2019,297.1
Poland,Consumer Expenditure on Hospital Services,PLN,2019,2266.5
Romania,Consumer Expenditure on Hospital Services,RON,2019,476.5
Russia,Consumer Expenditure on Hospital Services,RUB,2019,202171.6
Serbia,Consumer Expenditure on Hospital Services,RSD,2019,17573.9
Slovakia,Consumer Expenditure on Hospital Services,EUR,2019,164.3
Slovenia,Consumer Expenditure on Hospital Services,EUR,2019,134.5
Ukraine,Consumer Expenditure on Hospital Services,UAH,2019,19141.4
Latin America,Consumer Expenditure on Hospital Services,USD,2019,83903.0
Argentina,Consumer Expenditure on Hospital Services,ARS,2019,353161.3
Bolivia,Consumer Expenditure on Hospital Services,BOB,2019,3197.2
Brazil,Consumer Expenditure on Hospital Services,BRL,2019,215588.8
Chile,Consumer Expenditure on Hospital Services,CLP,2019,1184122.7
Colombia,Consumer Expenditure on Hospital Services,COP,2019,6646897.8
Costa Rica,Consumer Expenditure on Hospital Services,CRC,2019,406303.0
Dominican Republic,Consumer Expenditure on Hospital Services,DOP,2019,29613.5
Ecuador,Consumer Expenditure on Hospital Services,USD,2019,1316.0
El Salvador,Consumer Expenditure on Hospital Services,USD,2019,177.2
Guatemala,Consumer Expenditure on Hospital Services,GTQ,2019,2614.7
Honduras,Consumer Expenditure on Hospital Services,HNL,2019,2086.1
Mexico,Consumer Expenditure on Hospital Services,MXN,2019,110459.6
Panama,Consumer Expenditure on Hospital Services,PAB,2019,1364.3
Paraguay,Consumer Expenditure on Hospital Services,PYG,2019,1449399.6
Peru,Consumer Expenditure on Hospital Services,PEN,2019,3345.0
Uruguay,Consumer Expenditure on Hospital Services,UYU,2019,14007.8
Venezuela,Consumer Expenditure on Hospital Services,VES,2019,285877.9
Middle East and Africa,Consumer Expenditure on Hospital Services,USD,2019,33621.3
Algeria,Consumer Expenditure on Hospital Services,DZD,2019,21794.9
Angola,Consumer Expenditure on Hospital Services,AOA,2019,171702.0
Bahrain,Consumer Expenditure on Hospital Services,BHD,2019,25.6
Cameroon,Consumer Expenditure on Hospital Services,XAF,2019,43131.1
Côte d'Ivoire,Consumer Expenditure on Hospital Services,XOF,2019,220510.2
Egypt,Consumer Expenditure on Hospital Services,EGP,2019,70475.3
Ethiopia,Consumer Expenditure on Hospital Services,ETB,2019,6300.3
Ghana,Consumer Expenditure on Hospital Services,GHS,2019,992.6
Iran,Consumer Expenditure on Hospital Services,IRR,2019,50615790.2
Iraq,Consumer Expenditure on Hospital Services,IQD,2019,1334049.9
Israel,Consumer Expenditure on Hospital Services,ILS,2019,2898.8
Jordan,Consumer Expenditure on Hospital Services,JOD,2019,175.4
Kenya,Consumer Expenditure on Hospital Services,KES,2019,26196.2
Kuwait,Consumer Expenditure on Hospital Services,KWD,2019,25.7
Lebanon,Consumer Expenditure on Hospital Services,LBP,2019,1550826.8
Morocco,Consumer Expenditure on Hospital Services,MAD,2019,2031.1
Nigeria,Consumer Expenditure on Hospital Services,NGN,2019,489651.9
Oman,Consumer Expenditure on Hospital Services,OMR,2019,4.0
Qatar,Consumer Expenditure on Hospital Services,QAR,2019,1246.6
Saudi Arabia,Consumer Expenditure on Hospital Services,SAR,2019,3873.3
South Africa,Consumer Expenditure on Hospital Services,ZAR,2019,208745.8
Tanzania,Consumer Expenditure on Hospital Services,TZS,2019,898115.8
Tunisia,Consumer Expenditure on Hospital Services,TND,2019,959.4
Uganda,Consumer Expenditure on Hospital Services,UGX,2019,1254530.2
United Arab Emirates,Consumer Expenditure on Hospital Services,AED,2019,1394.7
North America,Consumer Expenditure on Hospital Services,USD,2019,1330141.2
Canada,Consumer Expenditure on Hospital Services,CAD,2019,3471.5
USA,Consumer Expenditure on Hospital Services,USD,2019,1327525.0
Western Europe,Consumer Expenditure on Hospital Services,USD,2019,71637.1
Austria,Consumer Expenditure on Hospital Services,EUR,2019,1606.5
Belgium,Consumer Expenditure on Hospital Services,EUR,2019,7643.2
Denmark,Consumer Expenditure on Hospital Services,DKK,2019,4206.3
Finland,Consumer Expenditure on Hospital Services,EUR,2019,1090.4
France,Consumer Expenditure on Hospital Services,EUR,2019,7085.1
Germany,Consumer Expenditure on Hospital Services,EUR,2019,18683.0
Greece,Consumer Expenditure on Hospital Services,EUR,2019,1693.8
Ireland,Consumer Expenditure on Hospital Services,EUR,2019,2441.3
Italy,Consumer Expenditure on Hospital Services,EUR,2019,5594.1
Netherlands,Consumer Expenditure on Hospital Services,EUR,2019,2650.0
Norway,Consumer Expenditure on Hospital Services,NOK,2019,1107.0
Portugal,Consumer Expenditure on Hospital Services,EUR,2019,381.4
Spain,Consumer Expenditure on Hospital Services,EUR,2019,4142.0
Sweden,Consumer Expenditure on Hospital Services,SEK,2019,1826.5
Switzerland,Consumer Expenditure on Hospital Services,CHF,2019,3550.7
Turkey,Consumer Expenditure on Hospital Services,TRY,2019,11758.2
United Kingdom,Consumer Expenditure on Hospital Services,GBP,2019,4045.2
Asia Pacific,Consumer Expenditure on Hospital Services,USD,2020,453077.9
Azerbaijan,Consumer Expenditure on Hospital Services,AZN,2020,473.2
Bangladesh,Consumer Expenditure on Hospital Services,BDT,2020,48421.1
Cambodia,Consumer Expenditure on Hospital Services,KHR,2020,868535.0
China,Consumer Expenditure on Hospital Services,CNY,2020,2700857.9
"Hong Kong, China",Consumer Expenditure on Hospital Services,HKD,2020,23054.9
India,Consumer Expenditure on Hospital Services,INR,2020,1023693.3
Indonesia,Consumer Expenditure on Hospital Services,IDR,2020,62005540.0
Japan,Consumer Expenditure on Hospital Services,JPY,2020,1003998.4
Kazakhstan,Consumer Expenditure on Hospital Services,KZT,2020,310834.2
Laos,Consumer Expenditure on Hospital Services,LAK,2020,640941.9
Malaysia,Consumer Expenditure on Hospital Services,MYR,2020,2249.2
Myanmar,Consumer Expenditure on Hospital Services,MMK,2020,411871.4
Pakistan,Consumer Expenditure on Hospital Services,PKR,2020,392126.7
Philippines,Consumer Expenditure on Hospital Services,PHP,2020,144046.8
Singapore,Consumer Expenditure on Hospital Services,SGD,2020,2843.0
South Korea,Consumer Expenditure on Hospital Services,KRW,2020,9193183.8
Sri Lanka,Consumer Expenditure on Hospital Services,LKR,2020,43775.3
Taiwan,Consumer Expenditure on Hospital Services,TWD,2020,67288.8
Thailand,Consumer Expenditure on Hospital Services,THB,2020,106074.9
Turkmenistan,Consumer Expenditure on Hospital Services,TMT,2020,74.2
Uzbekistan,Consumer Expenditure on Hospital Services,UZS,2020,2897266.4
Vietnam,Consumer Expenditure on Hospital Services,VND,2020,56825592.8
Australasia,Consumer Expenditure on Hospital Services,USD,2020,2463.4
Australia,Consumer Expenditure on Hospital Services,AUD,2020,3466.3
New Zealand,Consumer Expenditure on Hospital Services,NZD,2020,122.3
Eastern Europe,Consumer Expenditure on Hospital Services,USD,2020,7276.9
Belarus,Consumer Expenditure on Hospital Services,BYN,2020,666.7
Bosnia and Herzegovina,Consumer Expenditure on Hospital Services,BAM,2020,242.9
Bulgaria,Consumer Expenditure on Hospital Services,BGN,2020,798.7
Croatia,Consumer Expenditure on Hospital Services,HRK,2020,710.1
Czech Republic,Consumer Expenditure on Hospital Services,CZK,2020,7355.6
Estonia,Consumer Expenditure on Hospital Services,EUR,2020,58.5
Georgia,Consumer Expenditure on Hospital Services,GEL,2020,1510.2
Hungary,Consumer Expenditure on Hospital Services,HuF,2020,86862.9
Latvia,Consumer Expenditure on Hospital Services,EUR,2020,147.3
Lithuania,Consumer Expenditure on Hospital Services,EUR,2020,75.9
Montenegro,Consumer Expenditure on Hospital Services,EUR,2020,3.6
North Macedonia,Consumer Expenditure on Hospital Services,MKD,2020,279.7
Poland,Consumer Expenditure on Hospital Services,PLN,2020,2329.0
Romania,Consumer Expenditure on Hospital Services,RON,2020,503.0
Russia,Consumer Expenditure on Hospital Services,RUB,2020,199323.3
Serbia,Consumer Expenditure on Hospital Services,RSD,2020,17842.7
Slovakia,Consumer Expenditure on Hospital Services,EUR,2020,167.5
Slovenia,Consumer Expenditure on Hospital Services,EUR,2020,131.1
Ukraine,Consumer Expenditure on Hospital Services,UAH,2020,20574.6
Latin America,Consumer Expenditure on Hospital Services,USD,2020,73262.0
Argentina,Consumer Expenditure on Hospital Services,ARS,2020,436737.3
Bolivia,Consumer Expenditure on Hospital Services,BOB,2020,2899.8
Brazil,Consumer Expenditure on Hospital Services,BRL,2020,243515.5
Chile,Consumer Expenditure on Hospital Services,CLP,2020,1139738.2
Colombia,Consumer Expenditure on Hospital Services,COP,2020,6518814.8
Costa Rica,Consumer Expenditure on Hospital Services,CRC,2020,401880.2
Dominican Republic,Consumer Expenditure on Hospital Services,DOP,2020,29831.1
Ecuador,Consumer Expenditure on Hospital Services,USD,2020,1198.2
El Salvador,Consumer Expenditure on Hospital Services,USD,2020,157.8
Guatemala,Consumer Expenditure on Hospital Services,GTQ,2020,2666.1
Honduras,Consumer Expenditure on Hospital Services,HNL,2020,1988.0
Mexico,Consumer Expenditure on Hospital Services,MXN,2020,104513.9
Panama,Consumer Expenditure on Hospital Services,PAB,2020,1119.6
Paraguay,Consumer Expenditure on Hospital Services,PYG,2020,1429548.4
Peru,Consumer Expenditure on Hospital Services,PEN,2020,3109.1
Uruguay,Consumer Expenditure on Hospital Services,UYU,2020,14297.8
Venezuela,Consumer Expenditure on Hospital Services,VES,2020,4772312.1
Middle East and Africa,Consumer Expenditure on Hospital Services,USD,2020,30763.5
Algeria,Consumer Expenditure on Hospital Services,DZD,2020,21690.2
Angola,Consumer Expenditure on Hospital Services,AOA,2020,204960.3
Bahrain,Consumer Expenditure on Hospital Services,BHD,2020,24.2
Cameroon,Consumer Expenditure on Hospital Services,XAF,2020,43747.7
Côte d'Ivoire,Consumer Expenditure on Hospital Services,XOF,2020,226286.0
Egypt,Consumer Expenditure on Hospital Services,EGP,2020,77922.4
Ethiopia,Consumer Expenditure on Hospital Services,ETB,2020,8300.5
Ghana,Consumer Expenditure on Hospital Services,GHS,2020,1076.4
Iran,Consumer Expenditure on Hospital Services,IRR,2020,71692272.1
Iraq,Consumer Expenditure on Hospital Services,IQD,2020,1135102.7
Israel,Consumer Expenditure on Hospital Services,ILS,2020,2643.0
Jordan,Consumer Expenditure on Hospital Services,JOD,2020,179.5
Kenya,Consumer Expenditure on Hospital Services,KES,2020,26950.6
Kuwait,Consumer Expenditure on Hospital Services,KWD,2020,20.0
Lebanon,Consumer Expenditure on Hospital Services,LBP,2020,1931873.5
Morocco,Consumer Expenditure on Hospital Services,MAD,2020,1928.5
Nigeria,Consumer Expenditure on Hospital Services,NGN,2020,486143.5
Oman,Consumer Expenditure on Hospital Services,OMR,2020,3.5
Qatar,Consumer Expenditure on Hospital Services,QAR,2020,1125.5
Saudi Arabia,Consumer Expenditure on Hospital Services,SAR,2020,3904.4
South Africa,Consumer Expenditure on Hospital Services,ZAR,2020,201210.3
Tanzania,Consumer Expenditure on Hospital Services,TZS,2020,970075.8
Tunisia,Consumer Expenditure on Hospital Services,TND,2020,1003.0
Uganda,Consumer Expenditure on Hospital Services,UGX,2020,1287952.2
United Arab Emirates,Consumer Expenditure on Hospital Services,AED,2020,1203.2
North America,Consumer Expenditure on Hospital Services,USD,2020,1246066.7
Canada,Consumer Expenditure on Hospital Services,CAD,2020,2798.3
USA,Consumer Expenditure on Hospital Services,USD,2020,1243980.1
Western Europe,Consumer Expenditure on Hospital Services,USD,2020,67331.7
Austria,Consumer Expenditure on Hospital Services,EUR,2020,1483.0
Belgium,Consumer Expenditure on Hospital Services,EUR,2020,7074.9
Denmark,Consumer Expenditure on Hospital Services,DKK,2020,4178.6
Finland,Consumer Expenditure on Hospital Services,EUR,2020,1068.0
France,Consumer Expenditure on Hospital Services,EUR,2020,6533.4
Germany,Consumer Expenditure on Hospital Services,EUR,2020,17690.0
Greece,Consumer Expenditure on Hospital Services,EUR,2020,1536.3
Ireland,Consumer Expenditure on Hospital Services,EUR,2020,2212.4
Italy,Consumer Expenditure on Hospital Services,EUR,2020,5156.6
Netherlands,Consumer Expenditure on Hospital Services,EUR,2020,2714.7
Norway,Consumer Expenditure on Hospital Services,NOK,2020,1073.8
Portugal,Consumer Expenditure on Hospital Services,EUR,2020,381.1
Spain,Consumer Expenditure on Hospital Services,EUR,2020,3812.2
Sweden,Consumer Expenditure on Hospital Services,SEK,2020,1798.5
Switzerland,Consumer Expenditure on Hospital Services,CHF,2020,3442.6
Turkey,Consumer Expenditure on Hospital Services,TRY,2020,13797.1
United Kingdom,Consumer Expenditure on Hospital Services,GBP,2020,2848.8
Asia Pacific,Consumer Expenditure on Hospital Services,USD,2021,482085.4
Azerbaijan,Consumer Expenditure on Hospital Services,AZN,2021,528.7
Bangladesh,Consumer Expenditure on Hospital Services,BDT,2021,52834.0
Cambodia,Consumer Expenditure on Hospital Services,KHR,2021,926910.2
China,Consumer Expenditure on Hospital Services,CNY,2021,2681851.6
"Hong Kong, China",Consumer Expenditure on Hospital Services,HKD,2021,25130.7
India,Consumer Expenditure on Hospital Services,INR,2021,1188336.4
Indonesia,Consumer Expenditure on Hospital Services,IDR,2021,64710287.7
Japan,Consumer Expenditure on Hospital Services,JPY,2021,1016858.1
Kazakhstan,Consumer Expenditure on Hospital Services,KZT,2021,355509.1
Laos,Consumer Expenditure on Hospital Services,LAK,2021,678201.2
Malaysia,Consumer Expenditure on Hospital Services,MYR,2021,2202.3
Myanmar,Consumer Expenditure on Hospital Services,MMK,2021,427995.3
Pakistan,Consumer Expenditure on Hospital Services,PKR,2021,439086.9
Philippines,Consumer Expenditure on Hospital Services,PHP,2021,157353.2
Singapore,Consumer Expenditure on Hospital Services,SGD,2021,3115.8
South Korea,Consumer Expenditure on Hospital Services,KRW,2021,9675917.4
Sri Lanka,Consumer Expenditure on Hospital Services,LKR,2021,49881.3
Taiwan,Consumer Expenditure on Hospital Services,TWD,2021,65280.7
Thailand,Consumer Expenditure on Hospital Services,THB,2021,103089.7
Turkmenistan,Consumer Expenditure on Hospital Services,TMT,2021,85.8
Uzbekistan,Consumer Expenditure on Hospital Services,UZS,2021,3453095.5
Vietnam,Consumer Expenditure on Hospital Services,VND,2021,58875073.3
Australasia,Consumer Expenditure on Hospital Services,USD,2021,2828.5
Australia,Consumer Expenditure on Hospital Services,AUD,2021,3642.9
New Zealand,Consumer Expenditure on Hospital Services,NZD,2021,131.5
Eastern Europe,Consumer Expenditure on Hospital Services,USD,2021,8289.7
Belarus,Consumer Expenditure on Hospital Services,BYN,2021,754.4
Bosnia and Herzegovina,Consumer Expenditure on Hospital Services,BAM,2021,266.2
Bulgaria,Consumer Expenditure on Hospital Services,BGN,2021,885.6
Croatia,Consumer Expenditure on Hospital Services,HRK,2021,895.0
Czech Republic,Consumer Expenditure on Hospital Services,CZK,2021,7569.3
Estonia,Consumer Expenditure on Hospital Services,EUR,2021,69.0
Georgia,Consumer Expenditure on Hospital Services,GEL,2021,1829.4
Hungary,Consumer Expenditure on Hospital Services,HuF,2021,92753.2
Latvia,Consumer Expenditure on Hospital Services,EUR,2021,137.8
Lithuania,Consumer Expenditure on Hospital Services,EUR,2021,73.7
Montenegro,Consumer Expenditure on Hospital Services,EUR,2021,3.8
North Macedonia,Consumer Expenditure on Hospital Services,MKD,2021,326.7
Poland,Consumer Expenditure on Hospital Services,PLN,2021,2570.8
Romania,Consumer Expenditure on Hospital Services,RON,2021,541.7
Russia,Consumer Expenditure on Hospital Services,RUB,2021,232339.6
Serbia,Consumer Expenditure on Hospital Services,RSD,2021,19668.9
Slovakia,Consumer Expenditure on Hospital Services,EUR,2021,175.7
Slovenia,Consumer Expenditure on Hospital Services,EUR,2021,151.1
Ukraine,Consumer Expenditure on Hospital Services,UAH,2021,25151.5
Latin America,Consumer Expenditure on Hospital Services,USD,2021,78066.7
Argentina,Consumer Expenditure on Hospital Services,ARS,2021,707969.5
Bolivia,Consumer Expenditure on Hospital Services,BOB,2021,3098.5
Brazil,Consumer Expenditure on Hospital Services,BRL,2021,263099.3
Chile,Consumer Expenditure on Hospital Services,CLP,2021,1436672.2
Colombia,Consumer Expenditure on Hospital Services,COP,2021,7753634.6
Costa Rica,Consumer Expenditure on Hospital Services,CRC,2021,427912.7
Dominican Republic,Consumer Expenditure on Hospital Services,DOP,2021,34021.5
Ecuador,Consumer Expenditure on Hospital Services,USD,2021,1304.5
El Salvador,Consumer Expenditure on Hospital Services,USD,2021,181.4
Guatemala,Consumer Expenditure on Hospital Services,GTQ,2021,2968.3
Honduras,Consumer Expenditure on Hospital Services,HNL,2021,2201.0
Mexico,Consumer Expenditure on Hospital Services,MXN,2021,113370.9
Panama,Consumer Expenditure on Hospital Services,PAB,2021,1255.2
Paraguay,Consumer Expenditure on Hospital Services,PYG,2021,1584389.1
Peru,Consumer Expenditure on Hospital Services,PEN,2021,3543.9
Uruguay,Consumer Expenditure on Hospital Services,UYU,2021,15724.9
Venezuela,Consumer Expenditure on Hospital Services,VES,2021,77411746.9
Middle East and Africa,Consumer Expenditure on Hospital Services,USD,2021,36469.4
Algeria,Consumer Expenditure on Hospital Services,DZD,2021,23695.5
Angola,Consumer Expenditure on Hospital Services,AOA,2021,261269.1
Bahrain,Consumer Expenditure on Hospital Services,BHD,2021,24.7
Cameroon,Consumer Expenditure on Hospital Services,XAF,2021,45763.7
Côte d'Ivoire,Consumer Expenditure on Hospital Services,XOF,2021,248386.2
Egypt,Consumer Expenditure on Hospital Services,EGP,2021,92809.1
Ethiopia,Consumer Expenditure on Hospital Services,ETB,2021,10882.4
Ghana,Consumer Expenditure on Hospital Services,GHS,2021,932.9
Iran,Consumer Expenditure on Hospital Services,IRR,2021,107021814.1
Iraq,Consumer Expenditure on Hospital Services,IQD,2021,1263883.0
Israel,Consumer Expenditure on Hospital Services,ILS,2021,2953.6
Jordan,Consumer Expenditure on Hospital Services,JOD,2021,180.7
Kenya,Consumer Expenditure on Hospital Services,KES,2021,29670.9
Kuwait,Consumer Expenditure on Hospital Services,KWD,2021,20.1
Lebanon,Consumer Expenditure on Hospital Services,LBP,2021,4730174.9
Morocco,Consumer Expenditure on Hospital Services,MAD,2021,2070.6
Nigeria,Consumer Expenditure on Hospital Services,NGN,2021,611358.9
Oman,Consumer Expenditure on Hospital Services,OMR,2021,3.5
Qatar,Consumer Expenditure on Hospital Services,QAR,2021,1222.6
Saudi Arabia,Consumer Expenditure on Hospital Services,SAR,2021,4442.3
South Africa,Consumer Expenditure on Hospital Services,ZAR,2021,223732.1
Tanzania,Consumer Expenditure on Hospital Services,TZS,2021,1050161.4
Tunisia,Consumer Expenditure on Hospital Services,TND,2021,1092.7
Uganda,Consumer Expenditure on Hospital Services,UGX,2021,1368933.5
United Arab Emirates,Consumer Expenditure on Hospital Services,AED,2021,1229.7
North America,Consumer Expenditure on Hospital Services,USD,2021,1382443.4
Canada,Consumer Expenditure on Hospital Services,CAD,2021,3498.7
USA,Consumer Expenditure on Hospital Services,USD,2021,1379653.1
Western Europe,Consumer Expenditure on Hospital Services,USD,2021,75396.2
Austria,Consumer Expenditure on Hospital Services,EUR,2021,1567.4
Belgium,Consumer Expenditure on Hospital Services,EUR,2021,7723.0
Denmark,Consumer Expenditure on Hospital Services,DKK,2021,4485.5
Finland,Consumer Expenditure on Hospital Services,EUR,2021,1137.1
France,Consumer Expenditure on Hospital Services,EUR,2021,6987.4
Germany,Consumer Expenditure on Hospital Services,EUR,2021,18903.9
Greece,Consumer Expenditure on Hospital Services,EUR,2021,1660.0
Ireland,Consumer Expenditure on Hospital Services,EUR,2021,2359.4
Italy,Consumer Expenditure on Hospital Services,EUR,2021,5593.3
Netherlands,Consumer Expenditure on Hospital Services,EUR,2021,2915.4
Norway,Consumer Expenditure on Hospital Services,NOK,2021,1160.8
Portugal,Consumer Expenditure on Hospital Services,EUR,2021,381.1
Spain,Consumer Expenditure on Hospital Services,EUR,2021,4073.8
Sweden,Consumer Expenditure on Hospital Services,SEK,2021,1987.9
Switzerland,Consumer Expenditure on Hospital Services,CHF,2021,3528.9
Turkey,Consumer Expenditure on Hospital Services,TRY,2021,21844.7
United Kingdom,Consumer Expenditure on Hospital Services,GBP,2021,3184.1
